<?xml version="1.0" encoding="UTF-8" standalone="yes" ?>
<develocity>
    <projectId>logging-log4j2</projectId>
    <server>
        <url>https://develocity.apache.org</url>
    </server>
    <buildScan>
        <capture>
            <buildLogging>true</buildLogging>
            <testLogging>true</testLogging>
        </capture>
        <obfuscation>
            <ipAddresses>0.0.0.0</ipAddresses>
        </obfuscation>
        <publishing>
            <onlyIf>
                <![CDATA[env['CI'] != null]]>
            </onlyIf>
        </publishing>
        <backgroundBuildScanUpload>false</backgroundBuildScanUpload>
    </buildScan>
    <buildCache>
        <local>
            <enabled>false</enabled>
        </local>
        <remote>
            <enabled>false</enabled>
        </remote>
    </buildCache>
</develocity>
