<?xml version="1.0" encoding="UTF-8"?>
<!--
  ~ Licensed to the Apache Software Foundation (ASF) under one or more
  ~ contributor license agreements.  See the NOTICE file distributed with
  ~ this work for additional information regarding copyright ownership.
  ~ The ASF licenses this file to you under the Apache License, Version 2.0
  ~ (the "License"); you may not use this file except in compliance with
  ~ the License.  You may obtain a copy of the License at
  ~
  ~      http://www.apache.org/licenses/LICENSE-2.0
  ~
  ~ Unless required by applicable law or agreed to in writing, software
  ~ distributed under the License is distributed on an "AS IS" BASIS,
  ~ WITHOUT WARRANTIES OR CONDITIONS OF ANY KIND, either express or implied.
  ~ See the License for the specific language governing permissions and
  ~ limitations under the License.
  -->
<project xsi:schemaLocation="http://maven.apache.org/POM/4.0.0 https://maven.apache.org/xsd/maven-4.0.0.xsd" xmlns="http://maven.apache.org/POM/4.0.0"
    xmlns:xsi="http://www.w3.org/2001/XMLSchema-instance">
  <modelVersion>4.0.0</modelVersion> <!-- do_not_remove: published-with-gradle-metadata -->
  <parent>
    <groupId>org.apache.logging.log4j</groupId>
    <artifactId>log4j</artifactId>
    <version>2.26.0-SNAPSHOT</version>
    <relativePath>../log4j-parent</relativePath>
  </parent>
  <artifactId>log4j-1.2-api</artifactId>
  <version>2.26.0-SNAPSHOT</version>
  <name>Apache Log4j 1.x Compatibility API</name>
  <description>The Apache Log4j 1.x Compatibility API</description>
  <url>https://logging.apache.org/log4j/2.x/</url>
  <licenses>
    <license>
      <name>Apache-2.0</name>
      <url>https://www.apache.org/licenses/LICENSE-2.0.txt</url>
      <distribution>repo</distribution>
    </license>
  </licenses>
  <properties>
    <bnd-extra-module-options>org.apache.logging.log4j.core;static=true</bnd-extra-module-options>
    <bnd-extra-package-options>com.sun.jdmk.comm;resolution:=optional,
      
      javax.jms;version="[1.1,3)";resolution:=optional,</bnd-extra-package-options>
    <Fragment-Host>org.apache.logging.log4j.core</Fragment-Host>
    <module.name>org.apache.log4j</module.name>
    <bnd-module-name>org.apache.log4j</bnd-module-name>
  </properties>
  <dependencies>
    <dependency>
      <groupId>javax.jms</groupId>
      <artifactId>javax.jms-api</artifactId>
      <scope>provided</scope>
    </dependency>
    <dependency>
      <groupId>org.jspecify</groupId>
      <artifactId>jspecify</artifactId>
      <scope>test</scope>
    </dependency>
    <dependency>
      <groupId>org.apache.logging.log4j</groupId>
      <artifactId>log4j-api</artifactId>
    </dependency>
    <dependency>
      <groupId>org.apache.logging.log4j</groupId>
      <artifactId>log4j-core</artifactId>
      <optional>true</optional>
    </dependency>
    <dependency>
      <groupId>org.apache.logging.log4j</groupId>
      <artifactId>log4j-api-test</artifactId>
      <scope>test</scope>
    </dependency>
    <dependency>
      <groupId>org.apache.logging.log4j</groupId>
      <artifactId>log4j-core-test</artifactId>
      <scope>test</scope>
    </dependency>
    <dependency>
      <groupId>org.awaitility</groupId>
      <artifactId>awaitility</artifactId>
      <scope>test</scope>
    </dependency>
    <dependency>
      <groupId>commons-io</groupId>
      <artifactId>commons-io</artifactId>
      <scope>test</scope>
    </dependency>
    <dependency>
      <groupId>org.apache.commons</groupId>
      <artifactId>commons-lang3</artifactId>
      <scope>test</scope>
    </dependency>
    <dependency>
      <groupId>com.fasterxml.jackson.dataformat</groupId>
      <artifactId>jackson-dataformat-xml</artifactId>
      <scope>test</scope>
    </dependency>
    <dependency>
      <groupId>org.junit.jupiter</groupId>
      <artifactId>junit-jupiter-engine</artifactId>
      <scope>test</scope>
    </dependency>
    <dependency>
      <groupId>org.junit.jupiter</groupId>
      <artifactId>junit-jupiter-params</artifactId>
      <scope>test</scope>
    </dependency>
    <dependency>
      <groupId>org.hamcrest</groupId>
      <artifactId>hamcrest</artifactId>
      <scope>test</scope>
    </dependency>
    <dependency>
      <groupId>org.mockito</groupId>
      <artifactId>mockito-core</artifactId>
      <scope>test</scope>
    </dependency>
  </dependencies>
  <profiles>
    <profile>
      <id>java8-incompat-fixes</id>
      <activation>
        <property>
          <name>!env.CI</name>
        </property>
      </activation>
      <build>
        <plugins>
          <plugin>
            <artifactId>maven-surefire-plugin</artifactId>
            <configuration>
              <argLine>--add-opens java.base/java.io=ALL-UNNAMED</argLine>
            </configuration>
          </plugin>
        </plugins>
      </build>
    </profile>
  </profiles>
</project>
